{"cameraMode":{"drawMode":0,"name":"Shaded","section":"Shading Mode"},"sceneLighting":true,"audioPlay":false,"sceneViewState":{"m_AlwaysRefresh":false,"showFog":true,"showSkybox":true,"showFlares":true,"showImageEffects":true,"showParticleSystems":true,"showVisualEffectGraphs":true,"m_FxEnabled":true},"in2DMode":false,"pivot":{"x":1.6285279989242554,"y":1.681549310684204,"z":2.086101531982422},"rotation":{"x":-0.09617193043231964,"y":0.23363712430000306,"z":-0.023231618106365205,"w":-0.9672845005989075},"size":3.990745782852173,"orthographic":false}