{"cameraMode":{"drawMode":0,"name":"Shaded","section":"Shading Mode"},"sceneLighting":true,"audioPlay":false,"sceneViewState":{"m_AlwaysRefresh":false,"showFog":true,"showSkybox":true,"showFlares":true,"showImageEffects":true,"showParticleSystems":true,"showVisualEffectGraphs":true,"m_FxEnabled":true},"in2DMode":false,"pivot":{"x":-1.7883381843566895,"y":-1.6708106994628907,"z":-21.02031707763672},"rotation":{"x":-0.0011817445047199727,"y":-0.9977498054504395,"z":0.06454307585954666,"w":-0.018256576731801034},"size":12.483253479003907,"orthographic":false}