{"cameraMode":{"drawMode":0,"name":"Shaded","section":"Shading Mode"},"sceneLighting":true,"audioPlay":false,"sceneViewState":{"m_AlwaysRefresh":false,"showFog":true,"showSkybox":true,"showFlares":true,"showImageEffects":true,"showParticleSystems":true,"showVisualEffectGraphs":true,"m_FxEnabled":true},"in2DMode":false,"pivot":{"x":17.320348739624025,"y":5.185748100280762,"z":-10.767768859863282},"rotation":{"x":0.037553027272224429,"y":-0.8825736045837402,"z":-0.07155810296535492,"w":-0.4631810486316681},"size":10.939032554626465,"orthographic":false}